country,as_of,mean,p10,p50,p90,shock_prob
BRA,2026-03-03,0.3105248632489064,0.24653581540854458,0.3105248632489064,0.3437801757800275,0.0
