country,as_of,mean,p10,p50,p90,shock_prob
BRA,2026-03-03,0.04029402844063364,-0.05388886066311758,0.04029402844063364,0.12359887276164194,0.008052136682246913
