country,as_of,mean,p10,p50,p90,shock_prob
BRA,2026-03-03,-1.465089652793843,-1.523791401784926,-1.465089652793843,-1.4096277283722487,1.0
