feature,delta
gdp_growth_lag2,-0.45999999999999996
gdp_growth_lag1,0.1200000000000001
gdp_growth,0.08000000000000007
gdp_growth_lag3,-0.040000000000000036
inflation,0.0
