country,as_of,mean,p10,p50,p90,shock_prob
BRA,2025-03-03,-1.8612753759773213,-1.9204311896222355,-1.8612753759773213,-1.8066284202884426,1.0
