country,as_of,mean,p10,p50,p90,shock_prob
BRA,2026-03-03,0.973308195701708,0.9261651405831016,0.973308195701708,1.044086215492798,0.0
