country,as_of,mean,p10,p50,p90,shock_prob
BRA,2026-03-03,-1.040550784623791,-1.1033866534427783,-1.040550784623791,-0.9771061818640214,1.0
