{
  "by_country": {
    "BRA": {
      "mae": 0.004659825351412387,
      "rmse": 0.005267715562907264,
      "cov50": 0.4166666666666667,
      "cov90": 0.9166666666666666,
      "rows": 12
    },
    "CAN": {
      "mae": 0.007599846118340359,
      "rmse": 0.009245379532150108,
      "cov50": 0.75,
      "cov90": 1.0,
      "rows": 4
    },
    "CHN": {
      "mae": 0.004749094824398781,
      "rmse": 0.0053487057210582474,
      "cov50": 0.4166666666666667,
      "cov90": 0.9166666666666666,
      "rows": 12
    },
    "DEU": {
      "mae": 0.00472252933791822,
      "rmse": 0.005342823586530728,
      "cov50": 0.4166666666666667,
      "cov90": 0.9166666666666666,
      "rows": 12
    },
    "FRA": {
      "mae": 0.004659825351412812,
      "rmse": 0.005267715562907505,
      "cov50": 0.4166666666666667,
      "cov90": 0.9166666666666666,
      "rows": 12
    },
    "GBR": {
      "mae": 0.01067091702508946,
      "rmse": 0.011364549828202841,
      "cov50": 0.5,
      "cov90": 1.0,
      "rows": 4
    },
    "IND": {
      "mae": 0.004722529337918305,
      "rmse": 0.005342823586530811,
      "cov50": 0.4166666666666667,
      "cov90": 0.9166666666666666,
      "rows": 12
    },
    "JPN": {
      "mae": 0.0046598253514126345,
      "rmse": 0.005267715562907558,
      "cov50": 0.4166666666666667,
      "cov90": 0.9166666666666666,
      "rows": 12
    },
    "MEX": {
      "mae": 0.004722529337918043,
      "rmse": 0.005342823586530639,
      "cov50": 0.4166666666666667,
      "cov90": 0.9166666666666666,
      "rows": 12
    },
    "USA": {
      "mae": 0.014454159579515458,
      "rmse": 0.017736451821795354,
      "cov50": 0.5,
      "cov90": 0.75,
      "rows": 4
    }
  },
  "overall": {
    "mae": 0.005475558308338284,
    "rmse": 0.0068364496071483555,
    "mape": 79.9127904925502,
    "r2": 0.9999597531748201,
    "cov50": 0.4375,
    "cov90": 0.9166666666666666,
    "crps": 0.0037762495526708468,
    "rows": 96
  },
  "by_horizon": {
    "1": {
      "mae": 0.005475558308338284,
      "rmse": 0.0068364496071483555,
      "cov50": 0.4375,
      "cov90": 0.9166666666666666,
      "rows": 96
    }
  },
  "calibration": [
    {
      "nominal": 0.5,
      "observed": 0.4375
    },
    {
      "nominal": 0.9,
      "observed": 0.9166666666666666
    }
  ],
  "origins": [
    "2023-Q4",
    "2024-Q1",
    "2024-Q2",
    "2024-Q3",
    "2024-Q4",
    "2025-Q1",
    "2025-Q2",
    "2025-Q3",
    "2025-Q4",
    "2026-Q1",
    "2026-Q2",
    "2026-Q3"
  ],
  "horizon_q": 1,
  "interval_method": "training-residual ensemble quantiles (model-based, not fully probabilistic)"
}