{
  "by_country": {
    "BRA": {
      "mae": 0.007484495426547166,
      "rmse": 0.007484495426547166,
      "cov50": 0.0,
      "cov90": 1.0,
      "rows": 1
    },
    "CHN": {
      "mae": 0.0074844954265476105,
      "rmse": 0.0074844954265476105,
      "cov50": 0.0,
      "cov90": 1.0,
      "rows": 1
    },
    "DEU": {
      "mae": 0.0074844954265465,
      "rmse": 0.0074844954265465,
      "cov50": 0.0,
      "cov90": 1.0,
      "rows": 1
    },
    "FRA": {
      "mae": 0.007484495426547166,
      "rmse": 0.007484495426547166,
      "cov50": 0.0,
      "cov90": 1.0,
      "rows": 1
    },
    "IND": {
      "mae": 0.007484495426546778,
      "rmse": 0.007484495426546778,
      "cov50": 0.0,
      "cov90": 1.0,
      "rows": 1
    },
    "JPN": {
      "mae": 0.0074844954265476105,
      "rmse": 0.0074844954265476105,
      "cov50": 0.0,
      "cov90": 1.0,
      "rows": 1
    },
    "MEX": {
      "mae": 0.0074844954265476105,
      "rmse": 0.0074844954265476105,
      "cov50": 0.0,
      "cov90": 1.0,
      "rows": 1
    }
  },
  "overall": {
    "mae": 0.007484495426547206,
    "rmse": 0.007484495426547205,
    "mape": 0.019999634629318763,
    "r2": 0.9999447708650028,
    "cov50": 0.0,
    "cov90": 1.0,
    "crps": 0.004475372281503418,
    "rows": 7
  },
  "by_horizon": {
    "1": {
      "mae": 0.007484495426547206,
      "rmse": 0.007484495426547205,
      "cov50": 0.0,
      "cov90": 1.0,
      "rows": 7
    }
  },
  "calibration": [
    {
      "nominal": 0.5,
      "observed": 0.0
    },
    {
      "nominal": 0.9,
      "observed": 1.0
    }
  ],
  "origins": [
    "2026-Q3"
  ],
  "horizon_q": 1,
  "interval_method": "training-residual ensemble quantiles (model-based, not fully probabilistic)"
}