country,as_of,mean,p10,p50,p90,shock_prob
BRA,2025-03-03,-1.1515486794559857,-1.2081856565456466,-1.1515486794559857,-1.0657690501894532,1.0
