country,as_of,mean,p10,p50,p90,shock_prob
BRA,2026-03-03,0.6143244957301517,0.5676526883869333,0.6143244957301517,0.7085478787335335,0.0
