country,as_of,mean,p10,p50,p90,shock_prob
BRA,2026-03-03,0.35794767772875147,0.2566554561822376,0.35794767772875147,0.43324666875445716,5.743627795595785e-12
